{
    "account_access_issue": {
        "precision": 0.34523809523809523,
        "recall": 0.26047904191616766,
        "f1-score": 0.29692832764505117,
        "support": 334.0
    },
    "hardware_issue": {
        "precision": 0.2653846153846154,
        "recall": 0.22258064516129034,
        "f1-score": 0.24210526315789474,
        "support": 310.0
    },
    "network_problem": {
        "precision": 0.24535315985130113,
        "recall": 0.2357142857142857,
        "f1-score": 0.24043715846994534,
        "support": 280.0
    },
    "other": {
        "precision": 0.22115384615384615,
        "recall": 0.28870292887029286,
        "f1-score": 0.25045372050816694,
        "support": 239.0
    },
    "security": {
        "precision": 0.26666666666666666,
        "recall": 0.23300970873786409,
        "f1-score": 0.24870466321243523,
        "support": 309.0
    },
    "service_request": {
        "precision": 0.33902439024390246,
        "recall": 0.41369047619047616,
        "f1-score": 0.3726541554959786,
        "support": 336.0
    },
    "software_bug": {
        "precision": 0.23452768729641693,
        "recall": 0.2647058823529412,
        "f1-score": 0.24870466321243523,
        "support": 272.0
    },
    "accuracy": 0.2759615384615385,
    "macro avg": {
        "precision": 0.2739069229764063,
        "recall": 0.274126138420474,
        "f1-score": 0.27142685024312957,
        "support": 2080.0
    },
    "weighted avg": {
        "precision": 0.27847939165118496,
        "recall": 0.2759615384615385,
        "f1-score": 0.2745753568069734,
        "support": 2080.0
    }
}