{
    "hardware_issue": {
        "precision": 0.6724137931034483,
        "recall": 0.6290322580645161,
        "f1-score": 0.65,
        "support": 310.0
    },
    "service_request": {
        "precision": 0.6769662921348315,
        "recall": 0.7172619047619048,
        "f1-score": 0.6965317919075145,
        "support": 336.0
    },
    "accuracy": 0.6749226006191951,
    "macro avg": {
        "precision": 0.6746900426191399,
        "recall": 0.6731470814132104,
        "f1-score": 0.6732658959537572,
        "support": 646.0
    },
    "weighted avg": {
        "precision": 0.6747816563767374,
        "recall": 0.6749226006191951,
        "f1-score": 0.6742022942429178,
        "support": 646.0
    }
}