{
    "critical": {
        "precision": 0.984375,
        "recall": 0.84,
        "f1-score": 0.9064748201438849,
        "support": 150.0
    },
    "high": {
        "precision": 0.996415770609319,
        "recall": 0.8769716088328076,
        "f1-score": 0.9328859060402684,
        "support": 317.0
    },
    "low": {
        "precision": 0.3793103448275862,
        "recall": 0.9777777777777777,
        "f1-score": 0.546583850931677,
        "support": 45.0
    },
    "medium": {
        "precision": 0.9349593495934959,
        "recall": 0.8582089552238806,
        "f1-score": 0.8949416342412452,
        "support": 134.0
    },
    "accuracy": 0.871517027863777,
    "macro avg": {
        "precision": 0.8237651162576003,
        "recall": 0.8882395854586165,
        "f1-score": 0.8202215528392689,
        "support": 646.0
    },
    "weighted avg": {
        "precision": 0.9378847796376532,
        "recall": 0.871517027863777,
        "f1-score": 0.8919729218523222,
        "support": 646.0
    }
}