{
    "critical": {
        "precision": 0.9848484848484849,
        "recall": 0.7982456140350878,
        "f1-score": 0.8817829457364341,
        "support": 570.0
    },
    "high": {
        "precision": 0.9974554707379135,
        "recall": 0.8605927552140505,
        "f1-score": 0.9239835002946376,
        "support": 911.0
    },
    "low": {
        "precision": 0.2559241706161137,
        "recall": 0.9818181818181818,
        "f1-score": 0.40601503759398494,
        "support": 110.0
    },
    "medium": {
        "precision": 0.9292682926829269,
        "recall": 0.7791411042944786,
        "f1-score": 0.8476084538375973,
        "support": 489.0
    },
    "accuracy": 0.8307692307692308,
    "macro avg": {
        "precision": 0.7918741047213597,
        "recall": 0.8549494138404496,
        "f1-score": 0.7648474843656635,
        "support": 2080.0
    },
    "weighted avg": {
        "precision": 0.9387545308151921,
        "recall": 0.8307692307692308,
        "f1-score": 0.8670708826442816,
        "support": 2080.0
    }
}